House_Size,Price
143.63502971184062,417.4281035279758
287.67857660247904,601.0542199489572
232.99848545285127,588.4071663654304
199.66462104925915,539.9256051528577
89.00466011060914,338.19791059564847
88.99863008405066,364.23657042902227
64.52090304204987,307.833733203135
266.54403644373383,652.7382695601427
200.2787529358022,506.9934697115116
227.01814444901137,475.5846133324209
55.14612357395061,270.7439333897404
292.4774630404986,686.8438178310531
258.11066020010543,628.1781302199585
103.08477766956904,271.71517101420886
95.45624180177515,267.7684082227821
95.85112746335845,375.1896721006904
126.06056073988444,374.9312516389592
181.18910790805947,510.21542910313826
157.98625466052894,435.79117719547514
122.80728504951048,372.5409200639061
202.96322368059487,562.2479929238707
84.87346516301045,276.9700008825501
123.03616213380454,376.27113068789737
141.59046082342292,381.74906504690915
164.01749605425897,423.5066815260504
246.2939903482534,577.8705764534243
99.91844553958992,340.95989055294757
178.5586096034029,447.4680662029514
198.1036422155106,569.3743622665951
61.61260317999943,216.17232061302377
201.8862129753596,504.05160114757933
92.63103092182288,294.74930274557244
66.26289824631988,341.62211106106247
287.2213843133333,676.8262305895787
291.40800826863983,726.1266418569834
252.09933702911528,529.5007880005589
126.15344229334268,390.42870942147977
74.41802850159597,328.43399108404464
221.05825662803923,552.0190613942418
160.03812343490034,491.3426409360882
80.5095587111947,269.0527831751318
173.79422752781755,533.2969815593506
58.5971302788046,370.4197406828108
277.3301005196955,631.0522529134689
114.69499540000423,334.175865649969
215.6305710884955,610.8042518151769
127.92776902235273,459.24859152677055
180.0170052944527,447.88760817235146
186.67756983581992,465.010284849683
96.21361388138176,309.0952745434618
292.3961569411397,609.0905569423376
243.78320584027864,542.8771731882916
284.87473539104724,612.5674853662816
273.70683760691225,604.2824294372356
199.47499470277128,507.3207460956492
280.4685587557792,666.5541423872287
72.12312551297987,357.3466505640676
98.9957156047863,278.2745860516758
61.30682222763451,309.5683999335713
131.33258269081608,375.6992066321935
147.1693224223705,412.43159487764524
117.83725794347397,395.8480389065833
257.18437728798233,556.7957780402533
139.18833167339733,419.65948432131773
120.23362742184518,374.74313976997416
185.67402078956212,508.8358006216193
85.23105624369066,317.8743334340341
250.54924518850993,723.7536483348625
68.6376609199427,241.66079044333105
296.72173415012935,657.549273720142
243.06119232416435,556.3531198622577
99.6789203835431,301.64820073236484
51.3805292809006,210.6155963402952
253.86535711370854,666.408469360053
226.71433596190428,629.1110171309205
232.25179201024682,539.5159109309704
242.81758667148642,545.4538773534641
68.5111629335226,296.8908710996609
139.61643213606817,373.69842563087417
78.96726488128243,323.78766767408393
265.7758564688984,638.5426926865821
205.82453170688947,444.6969513225395
132.7245062131623,466.27937125019525
65.88958757150591,358.39514128348674
127.74558042891555,349.3026102478287
131.29583050668674,366.94741691523694
232.40154458451602,582.6160497883741
209.38936783880328,543.6237016091972
271.8031856440816,672.1729477929885
168.05373129048732,553.0069432611947
79.89856148457542,284.9700492975333
228.31119680574875,521.0452920234252
240.19626215422437,513.3873104768776
190.31929939237406,456.02823690917734
242.74179498864024,585.2788823358626
173.4488990910977,551.9359115398653
180.68320734549852,449.34920827008875
156.8852545896374,443.5828558432923
56.3547816860238,250.61746223120525
76.97285674832611,347.9708058193912
57.857296421683564,380.4897548527115
209.1026028159451,499.8412464226851
128.58899526908166,356.98821935843586
177.1426727911757,521.0648548775698
276.89161848152327,682.4994877480575
112.32305728721875,444.51686940379545
152.59573075890745,453.86872463233163
238.88778463576216,562.0334078050189
107.19954137290561,372.49191600584555
69.24497745719825,330.0761384521022
122.43786322844201,411.4122628710638
90.30532181350111,337.9132808196669
282.42441308564327,711.6976780336156
252.03009489110423,662.1189503262713
208.35093912760587,594.1396399815669
267.8651475469294,664.5927599639551
250.91801922477862,593.2965305887587
96.64251472150896,331.29221082038225
273.13974962249443,701.9769976459078
184.83556047891267,441.857225312681
251.86003879101563,621.7817352674732
274.02282498087334,623.5741443492041
129.50086874296596,384.53880488407964
77.51298113191919,353.44595916781947
106.98379063548542,352.1257765448689
156.77694715656406,434.5203322896228
254.50369148062327,540.1138376161259
265.18264581408584,664.6414407667156
51.738032632797676,275.4026677960896
177.68682564439143,577.9990223251776
154.35275078719474,412.4460396693005
105.52695261768255,350.9060310950255
79.9663418334207,306.40859948569505
134.403792850907,470.7994911198063
285.72742597812976,659.544590141286
130.80073300518882,399.39239569785684
179.6976554358415,503.8506052703417
225.75473972379447,565.688987660648
140.9074005948235,381.3116403431559
292.9455206802402,687.0064368693477
290.6118237355278,726.7828702169387
112.94557395634104,301.97626815086085
174.31212647309636,470.4103113589173
125.21957745419242,340.3891986705877
121.2101235943669,427.93055391610255
59.2217368386332,180.43978107035105
202.39108349497423,486.3578579273742
175.66975580721538,485.06615420621375
62.86968781249734,341.4416395242123
119.66161605915286,362.10339585282577
277.06647149166344,620.9596723503342
109.89047266674311,441.86070427216714
86.22371802280577,232.80199742023825
172.36319006939075,350.31344429389924
296.41261352765014,705.5434268524368
110.51381787787511,323.8221609625447
218.03388685146965,491.3993554761098
240.4049038321794,618.1466492628906
109.4093859980999,359.1269304851398
232.05408715296488,539.4934253385004
141.9457831798133,341.48718979011926
208.07645764839486,568.160490181118
208.38242769022366,557.5984287403356
183.94367101868963,476.1398146446722
72.57244251360208,372.9622463268671
258.82562389730947,562.3818846988495
130.19501624293395,308.07477069104414
96.62962759996356,289.3379261858722
60.19378538869098,256.0695128818689
197.72323579706045,518.0687969008434
219.3910904605706,532.8421599362106
54.14695723196404,265.06729284325013
178.02326457482025,407.86490502515426
106.6239437994845,414.111329042735
211.29319760236245,526.220196764624
93.59160725124786,374.3296846316525
222.73443452561648,568.0582494649949
146.68383657513436,436.86856679293106
284.1824971841836,690.0168589431407
84.3802360364983,324.2698528665627
135.26658776256463,425.61599596599353
78.36838031014727,357.5207110648867
281.1734045696407,665.9381867104267
269.33483834524526,670.2528969008671
114.4854069287889,351.58694775745863
214.99601150854477,608.9986814878542
254.30555005030396,573.9303749875837
188.80020289986558,579.8873868652988
182.41264458900162,476.33486272798575
110.46307272511292,277.29477579930085
73.2756919514748,288.3014662581941
274.3039394883317,609.694508205253
275.10451429083264,687.220303172935
208.27536431831697,492.26445680785093
134.75744776217516,370.25423431117633
137.3023936531652,302.6672720284208
231.48891971755984,544.0647395291539
274.27756498814426,522.5056506472117
271.77160606627933,559.9937497450167
244.96888646440595,628.9647284431455
210.50791153857193,568.2042487019711
71.03499124876221,299.1358623370202
90.40717852365344,264.38411418611554
274.63854713176977,641.9638170300867
201.60726491489748,512.712949892287
52.29926290415741,186.2204387678562
75.36788571650803,360.83210937807195
215.87544227701395,582.4439106274087
51.265395961554674,231.2295040393152
90.20201285437466,313.7079150876009
187.18344734164654,497.34934561234144
222.97379942317332,449.2660955404975
212.99031487565014,521.0236976501404
106.06732736513995,306.82197685736196
228.04480533688397,510.3996491116454
109.31227187420001,332.7070747292623
131.34992453981693,476.3141905141466
236.62285127950602,607.9632753664614
212.40822476180367,503.77585508210683
262.3058526235445,650.7796737901881
214.40322307508583,605.8935733644546
192.0771508338679,541.9705556466007
73.41869195702311,285.1351640186503
141.92895076485837,373.1252724914663
116.30059192043136,394.25223113745596
110.9974108447709,369.4696087916751
293.2526386881114,722.6144106399871
148.2744311666901,448.6525661841407
273.0116387942783,693.8985855956677
207.78465649931573,497.25062112073994
248.7028258854121,663.534789875458
175.65927327629802,476.06667213195647
194.22597115658976,603.3697917131249
173.12942345471598,427.1735713140104
98.81074694951113,414.6575346673825
230.61302881537634,574.9989910408099
120.19309061021394,333.77666291766263
56.07899160786346,226.74789319143815
211.36807397679195,514.4451677485096
94.27766985176223,340.90810305326784
285.1146460882286,689.3481373605865
288.48214425064685,640.5828594542354
278.7160975551121,650.4712459861527
142.5396750638611,513.6849330455432
53.864154132216854,333.33263594302593
282.07964064693135,679.5595366481781
157.04603707932858,434.5830406512015
291.6637047609174,680.9962349055644
290.9049942723132,704.3048883266847
263.25236386684,572.7146267003918
123.61222301739642,359.6331745601463
146.27443215048132,329.86477417698694
262.78416787921424,642.9726583128496
129.23050128906942,414.974699305462
92.37318667152311,292.11241289377296
189.20031561458754,569.2599062707592
284.03869354019525,599.9813652222343
224.00744916874325,479.9946644932468
192.51529252234124,507.75011746821286
74.29412344269213,336.0843373274535
203.75180667479245,600.9496365875199
297.51346252606584,662.5800194034715
85.021003809131,356.97184852800063
179.58241309093418,471.3229200886462
269.3432679819889,626.186517370539
235.1921544385511,617.5288748637256
224.253935248817,586.2732273685416
225.6210209967773,477.2982299449867
139.8727878049388,475.59803553518464
123.39796106612334,441.12089762639465
252.3402888696284,572.9343848898546
252.52834866979518,624.3412042775018
266.7680796450259,654.8840526751836
278.31013813911784,663.9919369416075
177.83559971523445,442.58882179515103
175.37907367179992,432.10116421233727
249.5737947416938,597.9551269854766
212.4909826944413,591.1202198129625
225.49171931442584,583.0651024956882
248.94816735902526,579.5759846419402
272.50133545439155,679.087339350322
134.49878921288393,249.67068955168733
143.89573815998602,466.45061370658004
73.49548496021725,195.30618398948607
194.57003524904349,482.1040163781217
58.98556844918552,200.19052847722674
166.39950453311502,384.78503437356176
185.66115867689416,542.2314249873355
121.6353130320711,345.5585033921334
197.7083151422527,523.2001613425906
57.62506248476236,251.37908352861305
59.337047187303604,280.65872629830255
255.65014016491457,614.011346849859
140.04766035281574,337.9361774256398
81.7651281629712,346.9905716657052
180.5608150137011,450.32163786659635
242.4983882746527,508.6680039613873
103.95525687421079,315.7137043252838
205.72261895475006,595.3387036502656
71.33686624844199,320.91744635287023
62.92043029215192,245.82416780548047
182.838657892037,461.6466989897451
185.15878040252662,467.2040521636788
209.35747537455163,630.6808548522349
231.5228334306654,585.8378727867754
293.96301986563367,700.6355181176941
179.07508707529882,523.84932943713
130.73911823531148,397.26987077488633
248.79654869217592,584.8816803548815
117.70806281551856,352.05702061368453
159.74285517640902,433.95707634683305
69.61409533556649,273.4442597785276
56.33768585386438,287.78931171880487
290.66210366948127,675.7890808954313
258.99503012805144,652.8230580912716
223.9935515234245,549.1525637367349
152.2382361035675,427.960584502226
93.32358001771144,218.07240980527524
89.10926066777151,356.2130529371128
112.56072454114883,369.93372796896756
187.30666617653011,537.0525046107368
228.6489806750156,416.75539630534365
215.0493441794328,641.5075547620154
119.9834742364857,358.9907722179156
288.7163201657985,725.0985171353132
234.47422917394212,520.0583161568193
188.58851312785018,520.0980188832588
202.93018655858805,462.60355764677576
154.90001560694748,397.6315800577152
111.93274737528937,447.18051296886017
138.99316966281538,390.6535853549004
239.46152761609227,591.9023933679523
53.598372157438966,289.98045641782784
79.01816012672906,317.01678262674255
61.50066050543819,268.2221341669676
60.182200579742535,276.5760111668478
263.86514600275177,745.1280420668669
225.9144648450059,553.7650968693314
168.5434572718313,463.43317542504474
74.45854016275037,336.5580920933313
172.90396877920807,516.5034404504737
168.36794269514144,512.4138121292735
93.30046747750379,349.8773525609661
158.46291230949328,378.0829965205637
149.62618359934336,500.99870709387284
203.96252451305412,459.815274472563
208.77341271691094,540.9239161523914
61.32600244301113,222.67301189645218
143.6531536566178,405.3687592522624
206.4649789285591,538.0750825865804
175.78406464502194,482.47917713355315
264.1224602970806,646.5164662465093
214.67340790473625,617.0976976814576
90.73360677035743,335.9972072623424
67.64218685010746,259.548104565661
210.6048195515789,577.2930336072599
56.62782763540545,311.40361418996184
196.44389531836583,442.2186208162089
285.0575603562394,692.9736121337238
193.86854446896973,534.0220171596904
147.0424815516305,399.7982916249353
210.82205461058828,598.2650389646399
164.56322262287915,438.7110213695562
186.40419732898374,491.80637786574783
285.3662021941313,655.0055727352428
146.52565945019356,414.5251393894218
290.2976409559785,617.7219993760012
276.33766048901595,575.405244750514
98.94778369732411,407.83126381643206
67.34032521879136,228.86451797790806
75.19450034435667,235.78048314702664
54.55545641288743,140.53031586301165
73.6107401889821,250.5512449556927
220.7516933540892,481.1985583669857
67.79716211505725,354.13564981392153
129.7439075734403,434.0298880993243
261.2188277423636,585.7863726773683
55.81798393395647,363.0941613483371
253.61712064723395,655.5990915146008
120.46369369334998,350.5930794725989
79.54120690541407,168.20388668606668
224.18429134103766,668.0788530434048
207.235711694971,453.54565771276805
269.36800338176323,552.5924687393293
233.76776095097145,621.9104913122306
250.87023259621213,723.5540389901455
120.50864314282663,436.1291985826138
94.35988594493071,348.04325070349324
237.6536879102146,607.5143553216507
251.708684816816,645.7464106092841
297.62628550016836,723.6737433896413
153.15441922785664,439.73752580861077
143.0045214481958,412.6181938043462
244.1032401854992,586.2561759389225
135.20088506325447,355.6633636705242
282.6893314008912,644.8070426782656
264.60318796075296,541.637897619586
157.24850684375457,428.13033097902075
237.71776694787434,528.462425148628
238.6357185211706,524.3648274773185
75.78096720898316,295.4004485338436
275.63822666989165,715.748922323035
176.3130931119643,513.2793979016514
256.61436652693544,533.380829567325
130.01240025765293,334.5409136352584
273.8808071240501,690.024012222701
147.30041968354078,366.01638575345794
52.70941287007459,233.64528566628303
276.3454941048159,674.9244943398962
72.82166919653339,232.66178181057836
129.8284093976037,388.95991222298466
287.51549176270123,600.826610426952
287.651786734389,637.7048339243396
193.35947203082154,514.0361463626056
207.95930304244982,444.67705879982617
162.11138049457995,463.82422178826386
123.30269292451614,370.96295731779503
132.16613634247898,415.52354313731956
218.1296140192596,553.8290119379004
238.09363235942,646.7755597456483
247.89476093146214,602.4717948090272
247.40453569863848,573.8578872012868
72.80152576217259,287.1576215235248
173.60507617564537,489.65403856798105
64.38969000416107,268.3444455237751
187.38222058093388,489.3175816058751
160.38262534334427,403.5891412276819
271.92604568957495,606.3218363636876
137.72875313801967,327.78149205845074
79.26675410690146,380.15899455176964
85.74792051320897,242.15309515421188
240.37765792936807,548.0345243830672
204.55451582906525,482.27776521385755
75.28066903069757,330.2514231024777
71.02670152874936,263.10057883714745
225.24228286478,617.8232127902908
68.19075159104838,239.06882165169367
255.46501482258904,623.7867347918504
226.56055678912406,516.0416495574354
70.33719516047495,383.86440767752435
71.20942852129798,218.7970503868607
296.6598946252939,699.4788458368804
143.5676989390301,440.1107021368591
142.66053676672271,427.4789210526758
253.19989181437563,596.4954223219908
286.81214434596467,659.7708248360651
296.50026595571774,685.8910523192474
238.3445463147354,571.6700832850993
144.06489638272893,457.5107693286576
70.8751791746672,388.10147259396854
244.2867289818592,561.841522916955
189.60106243395126,422.7917634021584
156.05550231174408,426.48580174357664
276.588596273684,776.8449401753472
77.79937057653784,249.85513863928156
173.15627607271477,543.63713720309
52.83841119185477,328.9941808491606
167.16516049853158,423.2178768119571
64.07581892045934,293.7856280160906
79.70447906701799,374.88789347705927
79.38156169427623,273.9304240003229
212.30257552901588,521.9656179471104
236.51121981635583,546.6361499720083
195.84219127428992,451.7781077590785
290.5431371186355,640.5137695602436
143.717644880926,347.494747447554
121.42802157046518,370.2746122397986
267.1497820473651,592.3709461323251
105.89895962986316,352.3074229232911
290.80563486015285,595.6553604380938
53.038618672454085,262.0135252211402
292.46970667690977,718.1219200988838
60.78997798764403,159.7351782491865
272.78577842451773,659.7172296565104
181.92527727157497,538.8489487124996
298.2411990298251,626.352107319125
68.44914118384972,356.83707347281467
188.4635711003302,510.18537844889664
292.32563390477475,640.935548240674
180.7744610425372,472.6055759936817
207.34965953381564,551.1457327869542
223.9371722461543,556.8871796136983
163.6352661919433,471.4812787678164
206.88952002101587,476.36745638386026
196.07857798077507,511.409481567199
275.28950262274725,574.8353798756959
61.36159508536447,254.88956808622106
120.24079739805758,321.2380532432641
287.6028710191397,630.9086707049631
272.5659459727291,702.4233615114342
163.91418819642823,499.6110447832843
205.03314945038417,549.5165750560504
119.34529574528317,310.2058941078808
97.03028993094033,308.8340993909525
165.92460123499552,509.31916722195115
138.33805700651322,406.094348293719
195.91402796271802,618.6117273319771
69.4336592412462,294.6464786039618
293.5987019165416,688.0801192742765
296.5526861199007,668.3390118056963
224.54042850493627,560.8498165479995
184.0240915860301,473.61987303582697
127.38190407158194,414.69286116327703
253.44875492673717,654.0428747078561
221.1827931384698,508.82955462384825
90.65423483622283,246.61597502731217
277.73179612346064,558.1069643670643
255.63431073079224,635.5413256610532
287.449978322981,612.241630672672
231.42987709708999,458.92924912713784
203.35379898394746,535.4657683976537
154.56075907265472,552.859342202418
283.18212083850335,659.4242719323114
266.5159723751021,671.6532889977658
61.30466752654735,264.43986947516345
56.591743624313004,246.92065586420625
144.1158417195124,455.36233924451074
252.63833269545822,590.2352716423923
296.8190323287361,697.6438738953202
87.60422277588205,323.77249130638836
198.53267883803377,473.95429922630836
145.22271415775538,461.00300296078586
292.47859945365076,667.7134911818009
260.52973078392716,581.1662574364267
259.5821761777845,644.0734092985323
167.17328994874256,405.9885228181847
153.7048755844163,428.07783392040574
118.35176798267656,362.57723253660765
64.09387416273178,319.6637517844961
266.1805940637633,652.8599809587716
253.2252522825194,604.5541061712777
299.92941832153264,730.7612679387731
299.15920926847633,757.9969541341231
188.85792640065685,517.8347828387755
242.24685379512763,586.5619678233988
286.19143247060697,599.5527668295847
262.4118476693528,569.0856426510666
111.8370254357994,336.0454105667056
162.63603382752336,412.2692507815779
82.28985378787374,288.77317166890043
288.5127568146806,672.1554585112805
201.54365861272,539.2632232207326
107.16070137586567,339.36432357360366
217.92517110146417,566.5903901739456
204.53206011447395,521.3814289465591
139.54067950821013,302.3998947970847
78.38939804990726,244.1341467988953
217.8932988981999,535.0035602306791
180.07692522594832,413.6537282646516
243.07959793390984,617.5397127808479
180.04087527799834,550.6111171175819
263.04537507963505,684.419767728209
187.9767096936214,477.68593390200806
190.23449288384657,566.9583940334214
269.1634006645862,641.9274940563608
150.87071655309927,404.71299123967674
83.50380711266018,269.63671962574136
57.195669078334745,237.82872001659612
238.78431391840476,560.4029241260671
205.07738783836618,527.6601092278336
226.01994202480589,564.8645946971438
103.24104037722768,335.9861736866805
84.09286889669244,323.21407250136383
53.63616641697048,306.07741328986396
137.64688970164923,445.24210823503483
197.47942171365827,431.2180606620897
148.0610112749331,288.81376354978187
159.36873050593226,483.57971047264175
276.0396736234371,578.5274776014157
137.06386675582507,385.47669006585096
178.4973722899527,412.7896188189469
245.91325318528578,502.54483385451346
149.13569558031753,445.51738845481094
205.52167505696838,557.8967731176754
265.59092718668626,599.2381488996994
287.3801559144105,537.7321660386934
86.76837023225949,278.87084400544296
281.64690629037364,676.5546315927999
173.02907326988455,387.50675344708577
114.56109707473959,365.37797072348906
164.78393905956534,445.8455978485679
295.00814382136923,709.979233858519
173.1545234982174,467.65716071749904
132.18790257187703,339.28477758530084
208.35021357918146,584.8589595257512
110.03640469454827,340.1390497988384
68.96583202716599,272.77327067340224
82.2199304776623,251.33247690613234
82.01145973944311,275.45651497142205
87.9756733780736,264.11607637918746
84.70679316235254,293.8249246960634
210.21868620080366,613.9790591685637
95.47002109978621,253.25098083304738
136.4168208309658,314.8722076019014
274.19710247650295,717.1133008323857
168.4904100657181,442.81655426069926
216.8894346302568,506.9473454014664
93.07996780040746,369.53917641053727
98.0722547021677,296.2492814770587
60.21715406661971,349.69136299726233
92.23376576804114,349.9170719494375
119.64758475798966,340.9700821570963
94.2526210691867,427.5201285878112
72.1756334392639,249.63039404050812
80.1589677751502,331.3909105957357
165.19469200818145,462.3150746350512
101.58342960144813,397.93723775254654
141.06746526201886,481.9969973079765
175.85431771371424,468.13797933797395
222.59870715734132,513.0067793659052
59.828034960274735,280.68907007545033
249.85259972726067,565.8489110214639
206.97509737272694,623.2245376472396
70.43975798721797,283.61833093112926
268.3946560266943,614.8443032824443
280.2181001329533,663.6265955325614
65.26948996371594,200.12876745820387
119.21941203680093,316.01423974070906
251.55031994826533,662.8112713040989
237.0649225959146,543.8721467240766
96.13025483909433,270.6889095762728
102.33733083417758,361.039833127884
142.6180256978455,465.9976539892717
171.13074629775534,493.98300886921294
204.563692882574,568.017031478924
142.2284098924431,368.17138337792454
165.63367903328697,377.05008892282433
236.86773453343915,651.4286047579649
59.170800722649474,240.3734493586623
113.10923608600518,341.05497413205694
228.3373964711381,627.4170207405015
273.80170942179984,670.6545774292728
177.9193605289165,493.0492375561301
183.0283713163289,587.7011856144462
76.79300283494402,256.05149358389207
161.85309170586368,487.7275714746165
183.15431661375578,482.52842614961463
110.61762590868241,362.54134057879116
117.31080773734524,437.582875247848
144.32104077615566,435.1696612115614
55.01779944443159,275.9468429524585
130.51979139579458,438.56099137792035
102.86200174913617,316.90396667130085
131.87433804447866,345.4133251131113
79.9405329548128,241.65249961761134
272.6318201849738,542.4194468641529
198.39811338851217,609.9269605963381
219.7755797861224,490.43562532893617
247.29280965183457,584.0643761940137
174.6105497322643,450.4583245236297
71.73007202185592,294.4844645297957
184.27663545463693,522.4848044453113
196.71027950521977,547.1021775273829
236.3598685460825,546.2938914545016
157.91488655741983,425.89071011403513
81.89507569889093,311.54013378241865
120.94397644968112,355.26460130024867
140.77057409965877,483.75431218038545
211.4793103329003,555.2115061811331
192.69457616722798,533.5941264035013
139.02418147446156,433.38759008740146
296.62881219824493,742.6055548311072
201.4437048392218,521.6497466457846
109.30669793399862,281.91045888340517
75.44561815510093,305.78651026681376
88.21478479608301,276.218767943358
111.48943209612703,324.2501436855408
90.17034331488892,341.6248189045548
96.64175601282645,385.8693143947694
121.27379217346177,369.35640474903425
93.34339882368872,333.45976851258786
274.1913561566063,728.6551883136533
70.05843641541055,288.1428445221674
181.12784739256367,606.1142810156343
152.5992067474154,452.9540544269249
295.59465422715164,594.032239651082
78.00972554201309,328.0845870308502
149.4638997614354,438.09293881472263
292.3676083188422,740.7493326780532
266.37678147349504,663.137274215789
254.26801773731998,600.7596327279872
114.47570676123496,294.84136035575466
92.72189684751646,306.4482514612284
217.16080498110776,498.363426255529
282.34399728189646,629.1930226171776
189.19072325348245,519.9722220772989
192.90317236747495,580.7209354790252
119.99477341507104,385.7241686382769
242.37323329798423,526.4776668346125
96.76093713938084,346.39982026189256
130.91980910106093,445.48723071419226
156.3591096541042,400.95725216141847
176.90259467111377,461.72381207435893
110.60243310377007,349.81878932324594
78.70920618480088,252.4316554785296
202.65501061040814,547.1930407909275
122.15763831006394,363.83634152772606
195.30955535565306,522.5338218355269
88.59067881855057,265.088612983286
170.28502546370436,434.64013081849737
183.14735813789648,515.7843125396023
62.95588420560673,244.67893396550377
134.15106954848017,477.8201177489346
83.60366923474356,280.5047953418083
65.84374261819194,279.7529730003398
297.4900580974863,732.1116461691299
130.58846124368074,314.1409435919737
252.4686114636587,516.4030600355469
113.66016369094096,278.30547891518904
220.3756805559823,609.8054301721273
240.05696497242164,554.5096296557366
198.90968515196107,635.9473975569425
167.8940471375396,423.9969049147018
152.9602285368171,434.55597652612266
137.21706663574884,474.0962175727417
282.38228606195645,758.5927593194779
257.6548519469323,716.8539123362981
291.25672766662814,734.6804213295877
81.07430587138619,347.13687685906825
232.71686880091107,598.5167113016992
284.58511420525946,701.171259377799
95.30826654141504,293.9955939581204
66.62406684169437,229.01337614393452
235.28016232251477,573.335569309979
193.61827829497798,490.0036698047139
260.457194189568,596.1615470748587
84.94309415657237,337.716941854666
248.81682796497256,645.6355507654761
100.40683001193614,335.15263833607736
90.91398571642613,387.5216783423301
91.06644948274823,256.8351533622715
253.64368005784553,596.875651140136
216.29930517405003,503.49763328314975
180.76635619227983,382.0526102924507
139.70762103087563,397.33968356344116
269.3001352032771,628.6528679467345
148.11127685565884,492.2727855022925
254.14985986789426,639.0103319899486
159.7837271425546,386.40136764013806
144.2361073562269,502.3296215579179
165.6699464174016,509.2575883275905
125.34446854103552,404.7249285472947
236.90234504406277,565.1000161368213
175.6800975231198,418.25221370544165
108.05317378670432,325.8853740125152
274.89364331864215,699.2459889587652
145.97280534330287,506.98036491467565
185.88821527849714,561.7609639149043
276.61802774113676,623.4699788447325
206.05949897849803,464.92622649684597
79.22451017709102,299.64843066432405
284.9580309033688,574.5024873479213
206.92701326785448,538.627009591377
133.72640366427152,383.3273972807553
84.81801816584681,279.3706076051122
248.506297317574,517.5761818082933
205.01818898212838,544.7127454963169
183.36527299408039,453.42244940624914
273.4731457627394,583.7558205874166
247.14930280613268,451.25563438695633
87.91871993318779,306.8779506272062
127.93051694888706,468.8875103414839
112.12228495361643,434.88307364390306
235.98657314316924,551.9210188283911
58.38310868394485,224.9789926130117
192.47242121782912,519.8890709958437
240.61467143517262,533.1871366238961
269.19140919043735,649.6341315337605
135.52043717897686,432.2408008413929
255.31432616800322,670.9124482966212
77.6579342388018,284.7765778058456
261.61307293362955,610.719843771685
81.8721655829956,253.47076871156403
149.32182264009182,377.4352630501723
249.32384144488842,587.4589700057228
87.47935683719345,325.83111764775714
107.31284880816037,388.8423591663512
230.56314209826658,524.8547082428627
230.00913413651858,638.6508698937096
210.28690822132432,514.9602547462554
223.487111116775,551.2084352927733
185.68111083689905,446.86541554902715
112.94976472673818,232.09756349448168
136.42399837597986,439.7654668948163
95.39942920035642,358.5611674152632
277.11264033340706,634.736374744222
195.84794869153012,505.87584350599786
150.21285419090998,446.18009842884294
165.50145091103317,369.7753187955326
286.82083490295383,639.8248689580022
88.33785077902004,348.72136538332745
196.5574580041993,441.0889532490963
176.4721697211165,482.3278021063412
202.86355885866195,447.32531571442127
54.52754595521013,271.47108184105457
268.03097723603787,630.6736849099941
283.0295706209031,578.6966363223502
191.28329589730222,552.5469003380026
224.16270596922305,516.763291904699
280.6248452943239,614.612099679064
226.80965857834966,568.2858453025765
88.13476072856534,366.07443678285335
194.0720900417033,448.53867112614614
201.67876159571398,516.1057633646838
156.0326678255965,452.29962710260236
234.11105890618072,606.0551863942825
283.59175369225375,669.287234409918
281.39212822669407,638.1544388538831
162.70984285103305,401.4982060994235
78.30951146018882,295.26431478065865
296.21029974058365,629.5715889337703
259.7245216114835,471.43661472594
81.16567030081671,317.92619674935344
280.2104706543431,699.5755892321273
267.4740905155321,513.306741150866
179.70951428151804,422.9905904712356
197.81885893623232,537.0316591354781
149.75067596753257,522.4259902271435
63.69040970550783,265.6824228536845
133.79931041147523,354.4386116791987
250.71336214950287,592.1392298138632
51.15800575115072,310.82823130948054
133.37479292278604,357.77641830478814
149.54217339773584,379.2163117834118
184.3489007344807,457.69084521296367
279.9639041031901,606.2685969728066
136.5864985914903,401.98921326442235
136.73830047405693,477.3628637767805
234.3753120274371,588.0295253051883
163.05448522245177,430.8803982940988
106.1512057349955,326.4816068772147
163.10987903317334,365.4382418248791
85.21425509494996,347.5411480282679
94.09674662655583,315.4822840771604
174.59194318486993,455.2415020532346
154.73136237613699,588.1718306692896
278.711475267025,666.6183008989293
140.59847477915827,365.4877020977257
195.14708756951086,479.94687781484237
208.0660719798826,581.9412150236265
53.27361414708341,251.55602599163834
215.88434300417765,466.67791849165144
94.50899171743785,366.0776318201483
290.2675793673638,639.0744385843052
87.16568193827824,400.56311629977813
153.65603093175594,480.5832589628931
71.33741701966096,256.0412558524522
299.21856296148684,752.6442314174319
175.54875258281066,469.3805301754293
198.84625433001094,550.5619415501307
66.76911934710687,294.42105568951615
237.49011759979444,535.1643789300863
102.47639827389645,302.28002527714045
274.51357236017844,695.6224711273793
101.28491012050179,315.5740716115762
97.67193016591665,305.62705113655016
59.13741696202372,208.69122156417507
168.01673627749983,473.61007857917275
191.2102833156541,597.3047559303346
66.4271598570881,216.19224203004495
243.88190417375264,590.1984003463926
163.3222086870069,514.5910034073839
181.09756733189502,471.9935516351253
160.19068673455703,460.96182593468933
150.1907652188315,367.2237009865527
189.91008282705448,513.2535039490805
88.81006148267812,300.5008974185931
95.48203262381779,371.1541585068652
265.44640525337934,687.1728320343203
286.5288655334082,795.2301400610654
143.32732906993823,436.9708509865676
117.68616828588844,378.1249187437075
210.99988580975395,539.5190095364239
152.18354277452408,406.272062353609
56.346588915086215,268.34805222023977
89.03814934154758,295.4985983078342
228.9930572118494,570.6105517948096
214.73098547753784,602.3956506399661
56.773998125870875,201.86606836258554
105.49304048323737,396.8814009262795
107.76869914701786,409.83941183162545
217.9731858996821,536.4483082698739
54.92763443859104,142.77699703903414
76.02714549614346,256.4577625383366
249.97902134329735,664.8119657459906
94.6361655135834,319.201694809506
213.18652696296868,483.77063691859814
109.54569526168163,321.943505409616
74.86034818983629,326.77962806693296
110.79304774986352,376.76416435982327
230.5667329639148,553.073514376562
263.9241170265714,606.7221900570942
257.5549661417479,594.0110316029552
149.2958824046137,372.6120791033796
217.02128414266153,621.4070959302628
101.24607385395524,316.12690947655244
123.28693256525331,432.77440465873076
274.08395463027995,719.4169209306265
53.25048087768401,295.7664104872292
71.37713271361702,256.89782324860823
101.97156378650683,353.7353193325428
56.63305096845493,250.72971142367305
95.35885877244934,276.4608527539024
195.76039024242306,518.5866665224416
155.3561376481245,370.689058208634
273.1679277692437,701.0862394077168
254.3608904346102,584.6187379173788
135.45433792446897,403.8757910576861
114.85585835782312,370.90493862138874
144.92310204181672,397.9163349900662
197.57373562870194,534.9674142054272
117.01591020571907,336.8834555391681
206.0372269622835,564.4318734049725
152.3529130478101,356.9362594737207
188.01179521299505,494.74021036071167
159.03163228382917,533.2033880638068
123.61643988547942,322.49302556358424
287.11332674053915,632.9167396067279
240.90144853994022,609.3179998548381
85.02829394161313,312.0300181918835
267.1169939744782,648.3420941177388
171.8577995623784,483.8033957196643
273.6380567235228,674.2845755304296
249.9638139868288,655.419857274103
156.30337611730835,451.83700985758065
55.61732708002935,238.04830601312568
117.16933984623653,394.5334967833623
185.40855366521674,578.7294933421509
208.36955495653683,518.4335116026376
114.47192135830058,307.32299321140897
84.83901851820603,358.06426679711944
258.7325591998248,609.6995483620046
296.10054517588804,574.3475040158967
181.42254557567145,518.9316658937297
92.91982146207587,290.48926933404044
118.07683162984223,358.01163281850796
54.597669136866685,264.87482097481075
278.5747016401248,660.9594469411778
79.43777072253528,328.4605781575155
194.1291188785634,477.65809545292194
118.5138051718015,388.9801392180469
188.54450062894836,476.4027672529112
212.85509708796604,570.079698802714
257.4354509268004,644.1521858688934
101.6053179401508,286.1176371900417
52.74895716462012,299.2472287050678
84.22140751720181,274.80036127526085
275.00466046202627,685.4112787457045
268.4725193906288,651.614900573199
199.35327554257708,600.7450798163949
200.12921510841335,499.05928807655147
216.25916863656386,521.800663739905
93.8428196558624,317.9460950861657
278.60298648123995,636.3263865245182
154.69263122301828,468.44383129853543
145.78463206237438,331.5968072904445
179.7294263207094,420.82884641995923
61.74149169376376,207.74453896981512
91.57084218901986,362.34289553891455
234.50840410659262,657.645796020963
70.69966698128161,272.03693963943334
200.78802736659705,502.9773631003742
111.33727742033024,353.90970751225353
147.32390351049412,473.27694144929893
122.17343419267496,323.54452483728625
138.9181791162373,411.9711715459664
229.76147629606137,612.330538822032
124.28042890579376,398.75948052742103
191.6011600742243,504.36116896354093
169.0126005497749,504.27498561795187
215.91779134066203,403.49040976322976
284.2074348311895,695.4671486726866
233.14302430256257,536.9536595882415
103.73509464768918,245.19152552301767
57.79578376532117,279.5925407538271
115.56601107495626,426.7017471930692
198.7694826750637,500.9126430837301
62.856453371062585,310.7853434280596
174.09156180030908,543.9787241399887
199.2107122292223,574.3250046918025
133.5609727042402,472.40797733620207
242.72805093645547,624.0168662392146
76.64956328344294,291.74089585527696
68.78444543395219,193.71371118625552
232.04718905090084,555.3818158851241
173.87282905154962,420.8087625269797
222.100599106934,658.328214267372
158.70683465093657,426.878011750069
111.6005083097767,357.04115529682235
254.77557941854994,636.1703117554133
249.8539697422448,601.9172678546634
223.67411771360668,637.3659639060297
118.03628430749067,331.3328436667606
197.5576667172718,515.3341728529514
140.24347423500672,365.31472433810967
72.89551833165854,215.21080743595013
279.32839386556066,622.2026544127449
84.20465772974035,299.7165440611121
287.55933845520065,646.1416979934982
161.50144323948894,406.0815488373873
